Country,Disaster Type,Granularity (years),MAE_LR,RMSE_LR,R2_LR,MAE_KNN,RMSE_KNN,R2_KNN,Best_Model,Prediction_2027
Afghanistan,Drought,1,0.0,0.0,1.0,0.0,0.0,1.0,Linear Regression,1.0
Afghanistan,Earthquake,1,0.0,0.0,1.0,0.0,0.0,1.0,Linear Regression,1.0
Afghanistan,Extreme temperature ,1,0.0,0.0,1.0,0.0,0.0,1.0,Linear Regression,1.0
Afghanistan,Flood,1,0.514,0.527,-0.156,0.467,0.494,-0.019,KNN Regression,1.33
Afghanistan,Landslide,1,0.289,0.289,0.0,0.333,0.333,0.0,Linear Regression,1.32
Afghanistan,Storm,3,0.2,0.2,0.0,0.0,0.0,0.0,KNN Regression,1.0
Albania,Earthquake,1,0.0,0.0,1.0,0.0,0.0,1.0,Linear Regression,1.0
Albania,Extreme temperature ,1,0.0,0.0,0.0,0.0,0.0,0.0,Linear Regression,1.0
Albania,Flood,1,0.224,0.224,0.0,0.333,0.333,0.0,Linear Regression,1.24
Algeria,Earthquake,1,0.0,0.0,1.0,0.0,0.0,1.0,Linear Regression,1.0
Algeria,Flood,1,0.676,0.942,-0.056,0.733,0.919,-0.005,Linear Regression,1.54
Angola,Drought,1,0.0,0.0,1.0,0.0,0.0,1.0,Linear Regression,1.0
Angola,Flood,1,0.5,0.59,-0.393,0.5,0.527,-0.111,Linear Regression,1.18
Anguilla,Storm,1,0.0,0.0,0.0,0.0,0.0,0.0,Linear Regression,1.0
Antigua and Barbuda,Storm,1,0.0,0.0,1.0,0.0,0.0,1.0,Linear Regression,1.0
Argentina,Earthquake,1,0.0,0.0,0.0,0.0,0.0,0.0,Linear Regression,1.0
Argentina,Extreme temperature ,1,0.0,0.0,1.0,0.0,0.0,1.0,Linear Regression,1.0
Argentina,Flood,2,0.422,0.495,-0.001,0.476,0.504,-0.037,Linear Regression,2.48
Argentina,Landslide,1,0.0,0.0,0.0,0.0,0.0,0.0,Linear Regression,1.0
Argentina,Storm,1,0.0,0.0,1.0,0.0,0.0,1.0,Linear Regression,1.0
Argentina,Wildfire,1,0.0,0.0,1.0,0.0,0.0,1.0,Linear Regression,1.0
Australia,Drought,1,0.0,0.0,1.0,0.0,0.0,1.0,Linear Regression,1.0
Australia,Extreme temperature ,1,0.0,0.0,0.0,0.0,0.0,0.0,Linear Regression,1.0
Australia,Flood,1,0.551,0.556,-2.429,0.1,0.316,-0.111,KNN Regression,1.0
Australia,Storm,1,0.664,0.808,-1.818,0.364,0.603,-0.571,KNN Regression,1.0
Australia,Wildfire,1,0.226,0.352,-0.014,0.381,0.398,-0.296,Linear Regression,1.14
Austria,Extreme temperature ,1,0.0,0.0,0.0,0.0,0.0,0.0,Linear Regression,1.0
Austria,Flood,1,0.0,0.0,1.0,0.0,0.0,1.0,Linear Regression,1.0
Austria,Landslide,1,0.0,0.0,1.0,0.0,0.0,1.0,Linear Regression,1.0
Austria,Storm,1,0.301,0.302,0.0,0.333,0.333,0.0,Linear Regression,1.35
Azerbaijan,Flood,1,0.4,0.4,0.0,0.0,0.0,0.0,KNN Regression,1.0
Bahamas (the),Storm,1,0.0,0.0,1.0,0.0,0.0,1.0,Linear Regression,1.0
Bangladesh,Drought,1,0.0,0.0,1.0,0.0,0.0,1.0,Linear Regression,1.0
Bangladesh,Earthquake,1,0.0,0.0,1.0,0.0,0.0,1.0,Linear Regression,1.0
Bangladesh,Extreme temperature ,2,0.557,0.567,-0.446,0.444,0.471,0.0,KNN Regression,1.33
Bangladesh,Flood,1,0.824,0.916,-4.247,0.6,0.615,-1.361,KNN Regression,1.67
Bangladesh,Landslide,1,0.0,0.0,0.0,0.0,0.0,0.0,Linear Regression,1.0
Bangladesh,Storm,1,0.983,1.115,-1.917,1.381,1.528,-4.473,Linear Regression,2.77
Barbados,Storm,1,0.0,0.0,1.0,0.0,0.0,1.0,Linear Regression,1.0
Belarus,Extreme temperature ,1,0.0,0.0,0.0,0.0,0.0,0.0,Linear Regression,1.0
Belgium,Extreme temperature ,1,0.175,0.175,0.0,0.0,0.0,1.0,KNN Regression,1.0
Belgium,Flood,1,0.193,0.193,0.0,0.333,0.333,0.0,Linear Regression,1.22
Belgium,Storm,1,0.238,0.238,0.0,0.333,0.333,0.0,Linear Regression,1.27
Belize,Flood,1,0.0,0.0,0.0,0.0,0.0,0.0,Linear Regression,1.0
Belize,Storm,1,0.0,0.0,1.0,0.0,0.0,1.0,Linear Regression,1.0
Benin,Flood,1,0.0,0.0,1.0,0.0,0.0,1.0,Linear Regression,1.0
Bermuda,Storm,1,0.0,0.0,0.0,0.0,0.0,0.0,Linear Regression,1.0
Bolivia (Plurinational State of),Drought,1,0.0,0.0,1.0,0.0,0.0,1.0,Linear Regression,1.0
Bolivia (Plurinational State of),Extreme temperature ,1,0.0,0.0,0.0,0.0,0.0,0.0,Linear Regression,1.0
Bolivia (Plurinational State of),Flood,1,0.178,0.301,-0.005,0.1,0.316,-0.111,KNN Regression,1.0
Bolivia (Plurinational State of),Landslide,1,0.0,0.0,1.0,0.0,0.0,1.0,Linear Regression,1.0
Bolivia (Plurinational State of),Wildfire,1,0.0,0.0,0.0,0.0,0.0,0.0,Linear Regression,1.0
Bosnia and Herzegovina,Flood,1,0.314,0.314,0.0,0.333,0.333,0.0,Linear Regression,1.41
Botswana,Drought,1,0.0,0.0,1.0,0.0,0.0,1.0,Linear Regression,1.0
Botswana,Flood,1,0.0,0.0,1.0,0.0,0.0,1.0,Linear Regression,1.0
Brazil,Drought,1,0.0,0.0,1.0,0.0,0.0,1.0,Linear Regression,1.0
Brazil,Extreme temperature ,1,0.113,0.12,0.0,0.0,0.0,1.0,KNN Regression,1.0
Brazil,Flood,1,0.616,0.678,-0.276,0.608,0.652,-0.181,KNN Regression,1.67
Brazil,Landslide,2,0.311,0.311,0.0,0.0,0.0,1.0,KNN Regression,1.0
Brazil,Storm,1,0.0,0.0,1.0,0.0,0.0,1.0,Linear Regression,1.0
Bulgaria,Earthquake,1,0.0,0.0,0.0,0.0,0.0,0.0,Linear Regression,1.0
Bulgaria,Extreme temperature ,1,0.145,0.152,0.0,0.0,0.0,1.0,KNN Regression,1.0
Bulgaria,Flood,1,0.0,0.0,1.0,0.0,0.0,1.0,Linear Regression,1.0
Bulgaria,Storm,1,0.0,0.0,0.0,0.0,0.0,0.0,Linear Regression,1.0
Burkina Faso,Drought,1,0.0,0.0,1.0,0.0,0.0,1.0,Linear Regression,1.0
Burkina Faso,Flood,1,0.333,0.333,0.0,0.0,0.0,1.0,KNN Regression,1.0
Burundi,Drought,1,0.0,0.0,0.0,0.0,0.0,0.0,Linear Regression,1.0
Burundi,Flood,1,0.388,0.416,-0.079,0.2,0.447,-0.25,KNN Regression,1.0
Burundi,Storm,1,0.0,0.0,0.0,0.0,0.0,0.0,Linear Regression,1.0
Cabo Verde,Drought,1,0.0,0.0,1.0,0.0,0.0,1.0,Linear Regression,1.0
Cambodia,Drought,1,0.0,0.0,0.0,0.0,0.0,0.0,Linear Regression,1.0
Cambodia,Flood,1,0.037,0.042,0.0,0.0,0.0,1.0,KNN Regression,1.0
Cambodia,Storm,1,0.0,0.0,0.0,0.0,0.0,0.0,Linear Regression,1.0
Cameroon,Drought,1,0.0,0.0,0.0,0.0,0.0,0.0,Linear Regression,1.0
Cameroon,Flood,1,0.0,0.0,1.0,0.0,0.0,1.0,Linear Regression,1.0
Canada,Drought,1,0.0,0.0,0.0,0.0,0.0,0.0,Linear Regression,1.0
Canada,Extreme temperature ,1,0.0,0.0,1.0,0.0,0.0,1.0,Linear Regression,1.0
Canada,Flood,1,0.177,0.177,0.0,0.0,0.0,1.0,KNN Regression,1.0
Canada,Storm,2,0.297,0.46,-0.934,0.125,0.354,-0.143,KNN Regression,2.0
Canada,Wildfire,1,0.0,0.0,1.0,0.0,0.0,1.0,Linear Regression,1.0
Central African Republic,Flood,1,0.0,0.0,1.0,0.0,0.0,1.0,Linear Regression,1.0
Central African Republic,Storm,1,0.0,0.0,1.0,0.0,0.0,1.0,Linear Regression,1.0
Chad,Drought,1,0.0,0.0,1.0,0.0,0.0,1.0,Linear Regression,1.0
Chad,Flood,1,0.0,0.0,1.0,0.0,0.0,1.0,Linear Regression,1.0
Chile,Earthquake,1,0.143,0.378,-0.167,0.143,0.378,-0.167,Linear Regression,1.0
Chile,Extreme temperature ,1,0.0,0.0,1.0,0.0,0.0,1.0,Linear Regression,1.0
Chile,Flood,1,0.485,0.787,-0.168,0.429,0.845,-0.346,KNN Regression,1.0
Chile,Landslide,1,0.0,0.0,0.0,0.0,0.0,0.0,Linear Regression,1.0
Chile,Storm,3,0.135,0.135,0.0,0.0,0.0,1.0,KNN Regression,1.0
Chile,Volcanic activity,1,0.0,0.0,1.0,0.0,0.0,1.0,Linear Regression,1.0
Chile,Wildfire,1,0.403,0.457,0.062,0.333,0.577,-0.5,KNN Regression,1.0
China,Drought,1,0.0,0.0,1.0,0.0,0.0,1.0,Linear Regression,1.0
China,Earthquake,1,0.0,0.0,1.0,0.0,0.0,1.0,Linear Regression,1.0
China,Extreme temperature ,1,0.019,0.023,0.0,0.0,0.0,1.0,KNN Regression,1.0
China,Flood,1,0.803,0.925,-0.465,0.796,0.913,-0.429,KNN Regression,2.33
China,Landslide,1,0.436,0.542,-0.222,0.4,0.632,-0.667,KNN Regression,1.0
China,Mass movement (dry),1,0.0,0.0,0.0,0.0,0.0,0.0,Linear Regression,1.0
China,Storm,1,1.033,1.112,-8.267,0.711,0.76,-3.333,KNN Regression,2.67
China,Wildfire,1,0.0,0.0,1.0,0.0,0.0,1.0,Linear Regression,1.0
Colombia,Earthquake,1,0.0,0.0,1.0,0.0,0.0,1.0,Linear Regression,1.0
Colombia,Flood,1,0.494,0.601,0.03,0.357,0.707,-0.342,KNN Regression,1.0
Colombia,Landslide,1,0.226,0.317,-0.016,0.111,0.333,-0.125,KNN Regression,1.0
Colombia,Storm,1,0.0,0.0,1.0,0.0,0.0,1.0,Linear Regression,1.0
Colombia,Volcanic activity,1,0.0,0.0,1.0,0.0,0.0,1.0,Linear Regression,1.0
Comoros (the),Storm,1,0.0,0.0,1.0,0.0,0.0,1.0,Linear Regression,1.0
Comoros (the),Volcanic activity,1,0.0,0.0,0.0,0.0,0.0,0.0,Linear Regression,1.0
Congo (the Democratic Republic of the),Earthquake,1,0.0,0.0,0.0,0.0,0.0,0.0,Linear Regression,1.0
Congo (the Democratic Republic of the),Flood,1,0.167,0.408,-0.2,0.167,0.408,-0.2,Linear Regression,1.0
Congo (the Democratic Republic of the),Landslide,1,0.0,0.0,1.0,0.0,0.0,1.0,Linear Regression,1.0
Congo (the),Flood,2,0.519,0.567,-0.286,0.5,0.527,-0.111,KNN Regression,1.67
Cook Islands (the),Storm,1,0.0,0.0,1.0,0.0,0.0,1.0,Linear Regression,1.0
Costa Rica,Drought,1,0.0,0.0,0.0,0.0,0.0,0.0,Linear Regression,1.0
Costa Rica,Earthquake,1,0.0,0.0,1.0,0.0,0.0,1.0,Linear Regression,1.0
Costa Rica,Flood,1,0.0,0.0,1.0,0.0,0.0,1.0,Linear Regression,1.0
Costa Rica,Storm,1,0.03,0.035,0.0,0.0,0.0,1.0,KNN Regression,1.0
Costa Rica,Volcanic activity,1,0.0,0.0,1.0,0.0,0.0,1.0,Linear Regression,1.0
Croatia,Extreme temperature ,1,0.0,0.0,0.0,0.0,0.0,0.0,Linear Regression,1.0
Croatia,Flood,1,0.438,0.44,0.0,0.333,0.333,0.0,KNN Regression,1.33
Croatia,Wildfire,1,0.0,0.0,0.0,0.0,0.0,0.0,Linear Regression,1.0
Cuba,Drought,1,0.0,0.0,1.0,0.0,0.0,1.0,Linear Regression,1.0
Cuba,Flood,1,0.128,0.128,0.0,0.0,0.0,1.0,KNN Regression,1.0
Cuba,Storm,1,0.151,0.301,-0.008,0.1,0.316,-0.111,KNN Regression,1.0
Czech Republic (the),Extreme temperature ,1,0.0,0.0,0.0,0.0,0.0,0.0,Linear Regression,1.0
Czech Republic (the),Flood,2,0.333,0.499,-0.121,0.444,0.471,0.0,Linear Regression,0.86
Czech Republic (the),Storm,1,0.219,0.219,0.0,0.0,0.0,1.0,KNN Regression,1.0
Côte d’Ivoire,Flood,1,0.0,0.0,1.0,0.0,0.0,1.0,Linear Regression,1.0
Denmark,Storm,1,0.0,0.0,1.0,0.0,0.0,1.0,Linear Regression,1.0
Djibouti,Drought,1,0.0,0.0,1.0,0.0,0.0,1.0,Linear Regression,1.0
Djibouti,Flood,1,0.0,0.0,1.0,0.0,0.0,1.0,Linear Regression,1.0
Dominica,Storm,1,0.0,0.0,1.0,0.0,0.0,1.0,Linear Regression,1.0
Dominican Republic (the),Flood,1,0.492,0.536,-0.147,0.5,0.527,-0.111,Linear Regression,1.35
Dominican Republic (the),Storm,1,0.178,0.335,-0.028,0.125,0.354,-0.143,KNN Regression,1.0
Ecuador,Earthquake,1,0.0,0.0,1.0,0.0,0.0,1.0,Linear Regression,1.0
Ecuador,Flood,1,0.422,0.468,0.014,0.333,0.577,-0.5,KNN Regression,1.0
Ecuador,Landslide,1,0.516,0.517,0.0,0.667,0.667,0.0,Linear Regression,1.59
Ecuador,Volcanic activity,1,0.333,0.577,-0.5,0.333,0.577,-0.5,Linear Regression,1.0
Egypt,Earthquake,1,0.0,0.0,0.0,0.0,0.0,0.0,Linear Regression,1.0
Egypt,Flood,1,0.357,0.359,0.0,0.333,0.333,0.0,KNN Regression,1.33
Egypt,Storm,1,0.0,0.0,1.0,0.0,0.0,1.0,Linear Regression,1.0
El Salvador,Drought,1,0.0,0.0,1.0,0.0,0.0,1.0,Linear Regression,1.0
El Salvador,Earthquake,1,0.0,0.0,1.0,0.0,0.0,1.0,Linear Regression,1.0
El Salvador,Flood,1,0.0,0.0,1.0,0.0,0.0,1.0,Linear Regression,1.0
El Salvador,Storm,1,0.0,0.0,1.0,0.0,0.0,1.0,Linear Regression,1.0
Eswatini,Drought,1,0.0,0.0,1.0,0.0,0.0,1.0,Linear Regression,1.0
Eswatini,Storm,1,0.0,0.0,0.0,0.0,0.0,0.0,Linear Regression,1.0
Ethiopia,Drought,1,0.0,0.0,1.0,0.0,0.0,1.0,Linear Regression,1.0
Ethiopia,Flood,1,0.759,0.761,0.0,0.333,0.333,0.0,KNN Regression,1.33
Ethiopia,Insect infestation,1,0.0,0.0,0.0,0.0,0.0,0.0,Linear Regression,1.0
Ethiopia,Landslide,2,0.051,0.051,0.0,0.667,0.667,0.0,Linear Regression,2.32
Fiji,Flood,1,0.298,0.298,0.0,0.333,0.333,0.0,Linear Regression,1.45
Fiji,Storm,1,0.0,0.0,1.0,0.0,0.0,1.0,Linear Regression,1.0
France,Drought,1,0.0,0.0,0.0,0.0,0.0,0.0,Linear Regression,1.0
France,Extreme temperature ,1,0.398,0.425,-0.131,0.2,0.447,-0.25,KNN Regression,1.0
France,Flood,1,0.58,0.677,-0.956,0.375,0.612,-0.6,KNN Regression,1.0
France,Landslide,1,0.0,0.0,1.0,0.0,0.0,1.0,Linear Regression,1.0
France,Storm,1,0.575,0.668,-0.015,0.6,0.715,-0.162,Linear Regression,1.94
France,Wildfire,1,0.0,0.0,1.0,0.0,0.0,1.0,Linear Regression,1.0
Gambia (the),Drought,1,0.0,0.0,1.0,0.0,0.0,1.0,Linear Regression,1.0
Gambia (the),Flood,1,0.0,0.0,1.0,0.0,0.0,1.0,Linear Regression,1.0
Gambia (the),Storm,1,0.0,0.0,0.0,0.0,0.0,0.0,Linear Regression,1.0
Georgia,Flood,1,0.04,0.042,0.0,0.0,0.0,1.0,KNN Regression,1.0
Germany,Extreme temperature ,1,0.018,0.022,0.0,0.0,0.0,1.0,KNN Regression,1.0
Germany,Flood,1,0.0,0.0,1.0,0.0,0.0,1.0,Linear Regression,1.0
Germany,Storm,1,0.91,0.912,0.0,0.667,0.667,0.0,KNN Regression,1.67
Germany Fed Rep,Flood,1,0.0,0.0,1.0,0.0,0.0,1.0,Linear Regression,1.0
Germany Fed Rep,Storm,1,0.0,0.0,1.0,0.0,0.0,1.0,Linear Regression,1.0
Ghana,Flood,1,0.167,0.408,-0.2,0.167,0.408,-0.2,Linear Regression,1.0
Greece,Earthquake,1,0.0,0.0,1.0,0.0,0.0,1.0,Linear Regression,1.0
Greece,Extreme temperature ,1,0.0,0.0,1.0,0.0,0.0,1.0,Linear Regression,1.0
Greece,Flood,3,0.387,0.616,-0.71,1.0,1.106,-4.5,Linear Regression,1.98
Greece,Storm,1,0.0,0.0,1.0,0.0,0.0,1.0,Linear Regression,1.0
Greece,Wildfire,3,0.153,0.166,0.0,0.667,0.667,0.0,Linear Regression,0.65
Grenada,Storm,1,0.0,0.0,0.0,0.0,0.0,0.0,Linear Regression,1.0
Guadeloupe,Storm,1,0.0,0.0,1.0,0.0,0.0,1.0,Linear Regression,1.0
Guam,Storm,1,0.0,0.0,1.0,0.0,0.0,1.0,Linear Regression,1.0
Guatemala,Drought,1,0.0,0.0,1.0,0.0,0.0,1.0,Linear Regression,1.0
Guatemala,Earthquake,1,0.0,0.0,1.0,0.0,0.0,1.0,Linear Regression,1.0
Guatemala,Flood,1,0.429,0.655,-0.75,0.429,0.655,-0.75,Linear Regression,1.0
Guatemala,Landslide,1,0.0,0.0,1.0,0.0,0.0,1.0,Linear Regression,1.0
Guatemala,Storm,1,0.0,0.0,1.0,0.0,0.0,1.0,Linear Regression,1.0
Guatemala,Volcanic activity,1,0.0,0.0,1.0,0.0,0.0,1.0,Linear Regression,1.0
Guinea,Flood,1,0.0,0.0,1.0,0.0,0.0,1.0,Linear Regression,1.0
Guinea-Bissau,Drought,1,0.0,0.0,0.0,0.0,0.0,0.0,Linear Regression,1.0
Guyana,Flood,1,0.0,0.0,1.0,0.0,0.0,1.0,Linear Regression,1.0
Haiti,Drought,1,0.0,0.0,1.0,0.0,0.0,1.0,Linear Regression,1.0
Haiti,Earthquake,1,0.0,0.0,0.0,0.0,0.0,0.0,Linear Regression,1.0
Haiti,Flood,1,0.51,0.518,-0.207,0.556,0.577,-0.5,Linear Regression,1.7
Haiti,Storm,1,0.268,0.439,-0.117,0.222,0.471,-0.286,KNN Regression,1.0
Honduras,Drought,1,0.0,0.0,1.0,0.0,0.0,1.0,Linear Regression,1.0
Honduras,Flood,1,0.637,0.653,-2.899,0.375,0.391,-0.397,KNN Regression,1.33
Honduras,Storm,1,0.0,0.0,1.0,0.0,0.0,1.0,Linear Regression,1.0
Hong Kong,Drought,1,0.0,0.0,1.0,0.0,0.0,1.0,Linear Regression,1.0
Hong Kong,Flood,1,0.028,0.037,0.0,0.0,0.0,1.0,KNN Regression,1.0
Hong Kong,Landslide,1,0.0,0.0,0.0,0.0,0.0,0.0,Linear Regression,1.0
Hong Kong,Storm,1,0.227,0.389,-0.091,0.167,0.408,-0.2,KNN Regression,1.0
Hungary,Extreme temperature ,1,0.0,0.0,0.0,0.0,0.0,0.0,Linear Regression,1.0
Hungary,Flood,1,0.0,0.0,1.0,0.0,0.0,1.0,Linear Regression,1.0
Hungary,Storm,1,0.0,0.0,1.0,0.0,0.0,1.0,Linear Regression,1.0
Iceland,Volcanic activity,1,0.0,0.0,0.0,0.0,0.0,0.0,Linear Regression,1.0
India,Drought,1,0.0,0.0,1.0,0.0,0.0,1.0,Linear Regression,1.0
India,Earthquake,1,0.0,0.0,1.0,0.0,0.0,1.0,Linear Regression,1.0
India,Extreme temperature ,1,0.525,0.526,-0.991,0.389,0.408,-0.2,KNN Regression,1.33
India,Flood,1,0.815,0.983,-0.419,0.772,0.911,-0.219,KNN Regression,2.33
India,Landslide,1,0.453,0.459,-0.219,0.407,0.43,-0.071,KNN Regression,1.33
India,Storm,1,0.452,0.55,-0.045,0.485,0.541,-0.013,Linear Regression,1.87
Indonesia,Drought,1,0.0,0.0,1.0,0.0,0.0,1.0,Linear Regression,1.0
Indonesia,Earthquake,1,0.318,0.423,-0.034,0.593,0.609,-1.143,Linear Regression,1.2
Indonesia,Flood,1,0.597,0.729,-0.151,0.778,0.907,-0.779,Linear Regression,2.66
Indonesia,Landslide,1,0.195,0.302,-0.013,0.1,0.316,-0.111,KNN Regression,1.0
Indonesia,Storm,1,0.473,0.473,0.0,0.333,0.333,0.0,KNN Regression,1.33
Indonesia,Volcanic activity,1,0.333,0.577,-0.5,0.333,0.577,-0.5,Linear Regression,1.0
Indonesia,Wildfire,1,0.0,0.0,1.0,0.0,0.0,1.0,Linear Regression,1.0
Iran (Islamic Republic of),Earthquake,1,0.0,0.0,1.0,0.0,0.0,1.0,Linear Regression,1.0
Iran (Islamic Republic of),Flood,1,0.721,0.779,-3.367,0.389,0.408,-0.2,KNN Regression,1.33
Iran (Islamic Republic of),Landslide,1,0.0,0.0,0.0,0.0,0.0,0.0,Linear Regression,1.0
Iran (Islamic Republic of),Storm,1,0.25,0.5,-0.333,0.25,0.5,-0.333,Linear Regression,1.0
Iraq,Flood,5,0.122,0.142,0.0,0.333,0.333,0.0,Linear Regression,3.34
Ireland,Flood,1,0.0,0.0,0.0,0.0,0.0,0.0,Linear Regression,1.0
Ireland,Storm,1,0.0,0.0,1.0,0.0,0.0,1.0,Linear Regression,1.0
Israel,Flood,1,0.0,0.0,0.0,0.0,0.0,0.0,Linear Regression,1.0
Israel,Wildfire,1,0.0,0.0,0.0,0.0,0.0,0.0,Linear Regression,1.0
Italy,Drought,1,0.0,0.0,0.0,0.0,0.0,0.0,Linear Regression,1.0
Italy,Earthquake,1,0.0,0.0,1.0,0.0,0.0,1.0,Linear Regression,1.0
Italy,Extreme temperature ,1,0.333,0.577,-0.5,0.333,0.577,-0.5,Linear Regression,1.0
Italy,Flood,3,0.418,0.459,0.121,0.533,0.558,-0.296,Linear Regression,4.11
Italy,Landslide,1,0.0,0.0,1.0,0.0,0.0,1.0,Linear Regression,1.0
Italy,Storm,1,0.333,0.577,-0.5,0.333,0.577,-0.5,Linear Regression,1.0
Italy,Volcanic activity,1,0.0,0.0,0.0,0.0,0.0,0.0,Linear Regression,1.0
Italy,Wildfire,1,0.0,0.0,1.0,0.0,0.0,1.0,Linear Regression,1.0
Jamaica,Flood,1,0.0,0.0,1.0,0.0,0.0,1.0,Linear Regression,1.0
Jamaica,Storm,1,0.0,0.0,1.0,0.0,0.0,1.0,Linear Regression,1.0
Japan,Earthquake,1,0.173,0.256,-0.051,0.067,0.258,-0.071,KNN Regression,1.0
Japan,Extreme temperature ,1,0.46,0.465,0.0,0.333,0.333,0.0,KNN Regression,1.33
Japan,Flood,1,0.093,0.094,0.0,0.333,0.333,0.0,Linear Regression,1.11
Japan,Landslide,1,0.505,0.511,0.0,0.333,0.333,0.0,KNN Regression,1.33
Japan,Storm,1,0.552,0.593,-0.037,0.545,0.62,-0.133,KNN Regression,1.33
Japan,Volcanic activity,1,0.0,0.0,1.0,0.0,0.0,1.0,Linear Regression,1.0
Jordan,Flood,1,0.5,0.707,-1.0,0.5,0.707,-1.0,Linear Regression,1.0
Kazakhstan,Flood,1,0.179,0.179,0.0,0.0,0.0,1.0,KNN Regression,1.0
Kenya,Drought,1,0.0,0.0,1.0,0.0,0.0,1.0,Linear Regression,1.0
Kenya,Flood,1,0.491,0.493,-0.407,0.222,0.471,-0.286,KNN Regression,1.0
Kenya,Landslide,1,0.0,0.0,0.0,0.0,0.0,0.0,Linear Regression,1.0
Korea (the Democratic People's Republic of),Flood,1,0.236,0.375,-0.01,0.167,0.408,-0.2,KNN Regression,1.0
Korea (the Democratic People's Republic of),Storm,1,0.0,0.0,1.0,0.0,0.0,1.0,Linear Regression,1.0
Korea (the Republic of),Flood,1,0.267,0.268,0.0,0.333,0.333,0.0,Linear Regression,1.34
Korea (the Republic of),Landslide,1,0.0,0.0,1.0,0.0,0.0,1.0,Linear Regression,1.0
Korea (the Republic of),Storm,1,0.383,0.45,-0.081,0.417,0.441,-0.037,Linear Regression,1.31
Korea (the Republic of),Wildfire,1,0.0,0.0,0.0,0.0,0.0,0.0,Linear Regression,1.0
Kyrgyzstan,Earthquake,1,0.0,0.0,1.0,0.0,0.0,1.0,Linear Regression,1.0
Kyrgyzstan,Landslide,2,0.165,0.165,0.0,0.333,0.333,0.0,Linear Regression,1.07
Lao People's Democratic Republic (the),Drought,1,0.0,0.0,0.0,0.0,0.0,0.0,Linear Regression,1.0
Lao People's Democratic Republic (the),Flood,1,0.304,0.305,0.0,0.333,0.333,0.0,Linear Regression,1.38
Lao People's Democratic Republic (the),Storm,1,0.0,0.0,1.0,0.0,0.0,1.0,Linear Regression,1.0
Lebanon,Storm,1,0.0,0.0,0.0,0.0,0.0,0.0,Linear Regression,1.0
Lesotho,Drought,1,0.0,0.0,1.0,0.0,0.0,1.0,Linear Regression,1.0
Lesotho,Storm,1,0.0,0.0,0.0,0.0,0.0,0.0,Linear Regression,1.0
Liberia,Flood,1,0.0,0.0,0.0,0.0,0.0,0.0,Linear Regression,1.0
Lithuania,Extreme temperature ,1,0.0,0.0,0.0,0.0,0.0,0.0,Linear Regression,1.0
Macedonia (the former Yugoslav Republic of),Extreme temperature ,1,0.0,0.0,0.0,0.0,0.0,0.0,Linear Regression,1.0
Macedonia (the former Yugoslav Republic of),Flood,2,0.493,0.525,-0.102,0.5,0.527,-0.111,Linear Regression,1.24
Madagascar,Drought,1,0.0,0.0,1.0,0.0,0.0,1.0,Linear Regression,1.0
Madagascar,Flood,1,0.0,0.0,1.0,0.0,0.0,1.0,Linear Regression,1.0
Madagascar,Storm,1,0.0,0.0,1.0,0.0,0.0,1.0,Linear Regression,1.0
Malawi,Drought,1,0.0,0.0,1.0,0.0,0.0,1.0,Linear Regression,1.0
Malawi,Flood,1,0.548,0.551,-1.78,0.125,0.354,-0.143,KNN Regression,1.0
Malawi,Storm,1,0.0,0.0,0.0,0.0,0.0,0.0,Linear Regression,1.0
Malaysia,Flood,1,0.49,0.499,-0.006,0.444,0.667,-0.8,KNN Regression,1.0
Malaysia,Landslide,1,0.0,0.0,0.0,0.0,0.0,0.0,Linear Regression,1.0
Malaysia,Storm,1,0.0,0.0,1.0,0.0,0.0,1.0,Linear Regression,1.0
Mali,Drought,1,0.0,0.0,1.0,0.0,0.0,1.0,Linear Regression,1.0
Mali,Flood,1,0.291,0.293,0.0,0.0,0.0,1.0,KNN Regression,1.0
Mali,Insect infestation,1,0.0,0.0,0.0,0.0,0.0,0.0,Linear Regression,1.0
Martinique,Storm,1,0.0,0.0,1.0,0.0,0.0,1.0,Linear Regression,1.0
Mauritania,Drought,1,0.0,0.0,1.0,0.0,0.0,1.0,Linear Regression,1.0
Mauritania,Flood,2,0.123,0.128,0.0,0.0,0.0,1.0,KNN Regression,1.0
Mauritius,Storm,1,0.0,0.0,1.0,0.0,0.0,1.0,Linear Regression,1.0
Mexico,Drought,1,0.0,0.0,1.0,0.0,0.0,1.0,Linear Regression,1.0
Mexico,Earthquake,1,0.0,0.0,1.0,0.0,0.0,1.0,Linear Regression,1.0
Mexico,Extreme temperature ,1,0.0,0.0,1.0,0.0,0.0,1.0,Linear Regression,1.0
Mexico,Flood,1,0.769,0.866,-3.0,0.417,0.441,-0.037,KNN Regression,1.33
Mexico,Landslide,1,0.0,0.0,1.0,0.0,0.0,1.0,Linear Regression,1.0
Mexico,Storm,1,0.308,0.36,-0.06,0.143,0.378,-0.167,KNN Regression,1.0
Mexico,Volcanic activity,1,0.0,0.0,1.0,0.0,0.0,1.0,Linear Regression,1.0
Mexico,Wildfire,1,0.0,0.0,0.0,0.0,0.0,0.0,Linear Regression,1.0
Micronesia (Federated States of),Storm,1,0.0,0.0,0.0,0.0,0.0,0.0,Linear Regression,1.0
Moldova (the Republic of),Flood,1,0.0,0.0,1.0,0.0,0.0,1.0,Linear Regression,1.0
Mongolia,Extreme temperature ,1,0.0,0.0,0.0,0.0,0.0,0.0,Linear Regression,1.0
Mongolia,Flood,1,0.333,0.577,-0.5,0.333,0.577,-0.5,Linear Regression,1.0
Mongolia,Storm,1,0.113,0.113,0.0,0.0,0.0,1.0,KNN Regression,1.0
Morocco,Drought,1,0.0,0.0,0.0,0.0,0.0,0.0,Linear Regression,1.0
Morocco,Extreme temperature ,1,0.0,0.0,0.0,0.0,0.0,0.0,Linear Regression,1.0
Morocco,Flood,1,0.557,0.562,-1.27,0.833,0.913,-5.0,Linear Regression,1.52
Mozambique,Drought,1,0.0,0.0,1.0,0.0,0.0,1.0,Linear Regression,1.0
Mozambique,Flood,1,0.346,0.373,-0.405,0.111,0.333,-0.125,KNN Regression,1.0
Mozambique,Storm,1,0.097,0.097,0.0,0.0,0.0,1.0,KNN Regression,1.0
Myanmar,Earthquake,1,0.0,0.0,1.0,0.0,0.0,1.0,Linear Regression,1.0
Myanmar,Flood,1,0.143,0.378,-0.167,0.143,0.378,-0.167,Linear Regression,1.0
Myanmar,Landslide,1,0.0,0.0,1.0,0.0,0.0,1.0,Linear Regression,1.0
Myanmar,Storm,1,0.0,0.0,1.0,0.0,0.0,1.0,Linear Regression,1.0
Namibia,Drought,1,0.0,0.0,1.0,0.0,0.0,1.0,Linear Regression,1.0
Namibia,Flood,1,0.0,0.0,1.0,0.0,0.0,1.0,Linear Regression,1.0
Nepal,Drought,1,0.0,0.0,0.0,0.0,0.0,0.0,Linear Regression,1.0
Nepal,Earthquake,1,0.0,0.0,1.0,0.0,0.0,1.0,Linear Regression,1.0
Nepal,Extreme temperature ,1,0.0,0.0,0.0,0.0,0.0,0.0,Linear Regression,1.0
Nepal,Flood,1,0.399,0.537,-0.247,0.364,0.603,-0.571,KNN Regression,1.0
Nepal,Landslide,1,0.241,0.378,-0.028,0.167,0.408,-0.2,KNN Regression,1.0
Nepal,Storm,1,0.0,0.0,1.0,0.0,0.0,1.0,Linear Regression,1.0
Netherlands (the),Extreme temperature ,1,0.07,0.071,0.0,0.0,0.0,1.0,KNN Regression,1.0
Netherlands (the),Flood,1,0.0,0.0,0.0,0.0,0.0,0.0,Linear Regression,1.0
Netherlands (the),Storm,1,0.0,0.0,1.0,0.0,0.0,1.0,Linear Regression,1.0
New Caledonia,Storm,1,0.0,0.0,1.0,0.0,0.0,1.0,Linear Regression,1.0
New Zealand,Earthquake,1,0.0,0.0,1.0,0.0,0.0,1.0,Linear Regression,1.0
New Zealand,Flood,1,0.139,0.323,-0.056,0.111,0.333,-0.125,KNN Regression,1.0
New Zealand,Storm,1,0.007,0.01,0.0,0.0,0.0,1.0,KNN Regression,1.0
Nicaragua,Drought,1,0.0,0.0,0.0,0.0,0.0,0.0,Linear Regression,1.0
Nicaragua,Earthquake,1,0.0,0.0,1.0,0.0,0.0,1.0,Linear Regression,1.0
Nicaragua,Flood,1,0.0,0.0,1.0,0.0,0.0,1.0,Linear Regression,1.0
Nicaragua,Storm,1,0.121,0.122,0.0,0.0,0.0,1.0,KNN Regression,1.0
Niger (the),Drought,1,0.0,0.0,1.0,0.0,0.0,1.0,Linear Regression,1.0
Niger (the),Flood,1,0.286,0.535,-0.4,0.286,0.535,-0.4,Linear Regression,1.0
Niger (the),Insect infestation,1,0.0,0.0,0.0,0.0,0.0,0.0,Linear Regression,1.0
Nigeria,Flood,1,0.35,0.377,-0.297,0.125,0.354,-0.143,KNN Regression,1.0
Nigeria,Storm,1,0.0,0.0,1.0,0.0,0.0,1.0,Linear Regression,1.0
Niue,Storm,1,0.0,0.0,0.0,0.0,0.0,0.0,Linear Regression,1.0
Norway,Storm,1,0.0,0.0,1.0,0.0,0.0,1.0,Linear Regression,1.0
Oman,Storm,5,0.327,0.327,0.0,0.333,0.333,0.0,Linear Regression,1.7
Pakistan,Earthquake,1,0.0,0.0,1.0,0.0,0.0,1.0,Linear Regression,1.0
Pakistan,Extreme temperature ,1,0.17,0.171,0.0,0.333,0.333,0.0,Linear Regression,1.22
Pakistan,Flood,1,0.58,0.7,-0.061,0.778,0.907,-0.779,Linear Regression,2.02
Pakistan,Landslide,1,0.514,0.542,-0.177,0.5,0.527,-0.111,KNN Regression,1.33
Pakistan,Storm,1,0.106,0.107,0.0,0.0,0.0,1.0,KNN Regression,1.0
Panama,Flood,1,0.337,0.339,0.0,0.333,0.333,0.0,KNN Regression,1.33
Panama,Storm,1,0.0,0.0,1.0,0.0,0.0,1.0,Linear Regression,1.0
Papua New Guinea,Earthquake,1,0.0,0.0,1.0,0.0,0.0,1.0,Linear Regression,1.0
Papua New Guinea,Flood,5,0.157,0.212,0.0,0.667,0.667,0.0,Linear Regression,3.61
Papua New Guinea,Landslide,1,0.324,0.326,0.0,0.333,0.333,0.0,Linear Regression,1.41
Papua New Guinea,Storm,1,0.0,0.0,1.0,0.0,0.0,1.0,Linear Regression,1.0
Papua New Guinea,Volcanic activity,1,0.0,0.0,1.0,0.0,0.0,1.0,Linear Regression,1.0
Paraguay,Drought,1,0.0,0.0,1.0,0.0,0.0,1.0,Linear Regression,1.0
Paraguay,Flood,1,0.333,0.577,-0.5,0.333,0.577,-0.5,Linear Regression,1.0
Paraguay,Storm,1,0.0,0.0,1.0,0.0,0.0,1.0,Linear Regression,1.0
Peru,Drought,1,0.0,0.0,1.0,0.0,0.0,1.0,Linear Regression,1.0
Peru,Earthquake,1,0.251,0.252,0.0,0.667,0.667,0.0,Linear Regression,1.3
Peru,Extreme temperature ,1,0.0,0.0,1.0,0.0,0.0,1.0,Linear Regression,1.0
Peru,Flood,1,0.304,0.575,-0.002,0.182,0.603,-0.1,KNN Regression,1.0
Peru,Landslide,1,0.29,0.351,-0.124,0.125,0.354,-0.143,KNN Regression,1.0
Peru,Volcanic activity,1,0.0,0.0,0.0,0.0,0.0,0.0,Linear Regression,1.0
Philippines (the),Drought,1,0.0,0.0,1.0,0.0,0.0,1.0,Linear Regression,1.0
Philippines (the),Earthquake,1,0.0,0.0,1.0,0.0,0.0,1.0,Linear Regression,1.0
Philippines (the),Flood,1,0.785,0.944,-1.865,0.643,0.782,-0.964,KNN Regression,2.33
Philippines (the),Landslide,1,0.198,0.201,0.0,0.333,0.333,0.0,Linear Regression,1.28
Philippines (the),Storm,1,0.509,0.512,-0.099,0.464,0.491,-0.014,KNN Regression,1.33
Philippines (the),Volcanic activity,1,0.0,0.0,1.0,0.0,0.0,1.0,Linear Regression,1.0
Poland,Extreme temperature ,1,0.0,0.0,1.0,0.0,0.0,1.0,Linear Regression,1.0
Poland,Flood,1,0.25,0.5,-0.333,0.25,0.5,-0.333,Linear Regression,1.0
Poland,Storm,5,0.067,0.071,0.0,0.333,0.333,0.0,Linear Regression,3.18
Portugal,Extreme temperature ,1,0.0,0.0,1.0,0.0,0.0,1.0,Linear Regression,1.0
Portugal,Flood,1,0.18,0.18,0.0,0.0,0.0,1.0,KNN Regression,1.0
Portugal,Storm,1,0.453,0.485,-0.059,0.444,0.471,0.0,KNN Regression,1.33
Portugal,Wildfire,1,0.0,0.0,1.0,0.0,0.0,1.0,Linear Regression,1.0
Puerto Rico,Flood,1,0.0,0.0,1.0,0.0,0.0,1.0,Linear Regression,1.0
Puerto Rico,Storm,1,0.0,0.0,1.0,0.0,0.0,1.0,Linear Regression,1.0
Romania,Earthquake,1,0.0,0.0,1.0,0.0,0.0,1.0,Linear Regression,1.0
Romania,Extreme temperature ,1,0.357,0.358,0.0,0.333,0.333,0.0,KNN Regression,1.33
Romania,Flood,1,0.491,0.491,-0.288,0.25,0.5,-0.333,KNN Regression,1.0
Romania,Storm,1,0.225,0.226,0.0,0.333,0.333,0.0,Linear Regression,1.28
Russian Federation (the),Drought,1,0.0,0.0,0.0,0.0,0.0,0.0,Linear Regression,1.0
Russian Federation (the),Earthquake,1,0.0,0.0,1.0,0.0,0.0,1.0,Linear Regression,1.0
Russian Federation (the),Extreme temperature ,1,0.433,0.466,0.021,0.444,0.471,0.0,Linear Regression,1.47
Russian Federation (the),Flood,1,0.337,0.337,0.0,0.333,0.333,0.0,KNN Regression,1.33
Russian Federation (the),Landslide,5,0.1,0.1,0.0,1.0,1.0,0.0,Linear Regression,0.9
Russian Federation (the),Storm,1,0.441,0.442,0.0,0.667,0.667,0.0,Linear Regression,1.39
Russian Federation (the),Wildfire,2,0.202,0.205,0.0,0.333,0.333,0.0,Linear Regression,1.08
Rwanda,Drought,1,0.0,0.0,0.0,0.0,0.0,0.0,Linear Regression,1.0
Rwanda,Flood,1,0.379,0.435,-0.008,0.417,0.441,-0.037,Linear Regression,1.29
Réunion,Storm,1,0.0,0.0,1.0,0.0,0.0,1.0,Linear Regression,1.0
Saint Kitts and Nevis,Storm,1,0.0,0.0,1.0,0.0,0.0,1.0,Linear Regression,1.0
Saint Lucia,Storm,1,0.0,0.0,1.0,0.0,0.0,1.0,Linear Regression,1.0
Saint Vincent and the Grenadines,Flood,1,0.0,0.0,1.0,0.0,0.0,1.0,Linear Regression,1.0
Saint Vincent and the Grenadines,Storm,1,0.0,0.0,1.0,0.0,0.0,1.0,Linear Regression,1.0
Samoa,Storm,1,0.0,0.0,1.0,0.0,0.0,1.0,Linear Regression,1.0
Saudi Arabia,Flood,1,0.337,0.448,-0.068,0.417,0.441,-0.037,Linear Regression,1.21
Senegal,Drought,1,0.0,0.0,1.0,0.0,0.0,1.0,Linear Regression,1.0
Senegal,Flood,1,0.0,0.0,1.0,0.0,0.0,1.0,Linear Regression,1.0
Serbia,Extreme temperature ,3,0.0,0.0,0.0,1.0,1.0,0.0,Linear Regression,0.0
Serbia,Flood,1,0.206,0.208,0.0,0.0,0.0,1.0,KNN Regression,1.0
Serbia Montenegro,Flood,3,0.0,0.0,0.0,0.333,0.333,0.0,Linear Regression,3.0
Sierra Leone,Flood,1,0.333,0.577,-0.5,0.333,0.577,-0.5,Linear Regression,1.0
Slovakia,Extreme temperature ,1,0.0,0.0,0.0,0.0,0.0,0.0,Linear Regression,1.0
Slovakia,Flood,1,0.0,0.0,1.0,0.0,0.0,1.0,Linear Regression,1.0
Solomon Islands,Earthquake,1,0.0,0.0,1.0,0.0,0.0,1.0,Linear Regression,1.0
Solomon Islands,Flood,1,0.0,0.0,0.0,0.0,0.0,0.0,Linear Regression,1.0
Solomon Islands,Storm,1,0.0,0.0,1.0,0.0,0.0,1.0,Linear Regression,1.0
Somalia,Drought,1,0.0,0.0,1.0,0.0,0.0,1.0,Linear Regression,1.0
Somalia,Flood,1,0.286,0.333,-0.124,0.111,0.333,-0.125,KNN Regression,1.0
Somalia,Storm,1,0.0,0.0,0.0,0.0,0.0,0.0,Linear Regression,1.0
South Africa,Drought,1,0.0,0.0,1.0,0.0,0.0,1.0,Linear Regression,1.0
South Africa,Earthquake,1,0.0,0.0,0.0,0.0,0.0,0.0,Linear Regression,1.0
South Africa,Flood,1,0.385,0.421,-0.023,0.222,0.471,-0.286,KNN Regression,1.0
South Africa,Storm,1,0.34,0.384,-0.06,0.167,0.408,-0.2,KNN Regression,1.0
South Africa,Wildfire,1,0.0,0.0,1.0,0.0,0.0,1.0,Linear Regression,1.0
South Sudan,Flood,1,0.45,0.451,0.0,0.333,0.333,0.0,KNN Regression,1.33
Soviet Union,Earthquake,1,0.0,0.0,1.0,0.0,0.0,1.0,Linear Regression,1.0
Soviet Union,Flood,1,0.638,0.739,-1.46,0.667,0.816,-2.0,Linear Regression,0.83
Soviet Union,Landslide,3,0.247,0.247,0.0,0.667,0.667,0.0,Linear Regression,2.56
Soviet Union,Storm,1,0.0,0.0,0.0,0.0,0.0,0.0,Linear Regression,1.0
Spain,Extreme temperature ,1,0.13,0.13,0.0,0.0,0.0,1.0,KNN Regression,1.0
Spain,Flood,1,0.43,0.736,-0.118,0.375,0.791,-0.29,KNN Regression,1.0
Spain,Storm,1,0.183,0.4,-0.153,0.167,0.408,-0.2,KNN Regression,1.0
Spain,Wildfire,1,0.253,0.261,0.0,0.0,0.0,1.0,KNN Regression,1.0
Sri Lanka,Drought,1,0.0,0.0,1.0,0.0,0.0,1.0,Linear Regression,1.0
Sri Lanka,Flood,1,0.468,0.472,-0.002,0.556,0.577,-0.5,Linear Regression,1.54
Sri Lanka,Storm,1,0.333,0.577,-0.5,0.333,0.577,-0.5,Linear Regression,1.0
Sudan (the),Drought,1,0.0,0.0,1.0,0.0,0.0,1.0,Linear Regression,1.0
Sudan (the),Flood,1,0.307,0.454,-0.099,0.25,0.5,-0.333,KNN Regression,1.0
Sudan (the),Insect infestation,1,0.162,0.162,0.0,0.333,0.333,0.0,Linear Regression,0.72
Suriname,Flood,1,0.0,0.0,0.0,0.0,0.0,0.0,Linear Regression,1.0
Sweden,Storm,1,0.0,0.0,1.0,0.0,0.0,1.0,Linear Regression,1.0
Switzerland,Extreme temperature ,1,0.0,0.0,0.0,0.0,0.0,0.0,Linear Regression,1.0
Switzerland,Flood,1,0.0,0.0,1.0,0.0,0.0,1.0,Linear Regression,1.0
Switzerland,Landslide,1,0.333,0.577,-0.5,0.333,0.577,-0.5,Linear Regression,1.0
Switzerland,Storm,1,0.234,0.345,0.031,0.381,0.398,-0.296,Linear Regression,1.09
Syrian Arab Republic,Flood,1,0.0,0.0,0.0,0.0,0.0,0.0,Linear Regression,1.0
Taiwan (Province of China),Earthquake,1,0.0,0.0,1.0,0.0,0.0,1.0,Linear Regression,1.0
Taiwan (Province of China),Flood,1,0.0,0.0,1.0,0.0,0.0,1.0,Linear Regression,1.0
Taiwan (Province of China),Storm,1,0.134,0.256,0.015,0.071,0.267,-0.077,KNN Regression,1.0
Tajikistan,Earthquake,1,0.0,0.0,1.0,0.0,0.0,1.0,Linear Regression,1.0
Tajikistan,Flood,2,0.091,0.1,0.0,0.667,0.667,0.0,Linear Regression,2.25
Tajikistan,Landslide,3,0.451,0.451,0.0,0.667,0.667,0.0,Linear Regression,1.33
"Tanzania, United Republic of",Drought,1,0.0,0.0,1.0,0.0,0.0,1.0,Linear Regression,1.0
"Tanzania, United Republic of",Earthquake,1,0.0,0.0,1.0,0.0,0.0,1.0,Linear Regression,1.0
"Tanzania, United Republic of",Flood,1,0.448,0.517,-0.115,0.467,0.494,-0.019,Linear Regression,1.28
"Tanzania, United Republic of",Storm,1,0.0,0.0,0.0,0.0,0.0,0.0,Linear Regression,1.0
Thailand,Drought,1,0.0,0.0,1.0,0.0,0.0,1.0,Linear Regression,1.0
Thailand,Flood,1,0.686,0.86,-1.981,0.515,0.541,-0.181,KNN Regression,1.67
Thailand,Storm,1,0.339,0.366,-0.223,0.625,0.635,-2.683,Linear Regression,1.32
Togo,Flood,1,0.0,0.0,1.0,0.0,0.0,1.0,Linear Regression,1.0
Tokelau,Storm,1,0.0,0.0,0.0,0.0,0.0,0.0,Linear Regression,1.0
Tonga,Storm,1,0.009,0.011,0.0,0.0,0.0,1.0,KNN Regression,1.0
Trinidad and Tobago,Storm,1,0.0,0.0,0.0,0.0,0.0,0.0,Linear Regression,1.0
Tunisia,Flood,1,0.387,0.387,0.0,0.333,0.333,0.0,KNN Regression,1.33
Turkey,Earthquake,1,0.0,0.0,1.0,0.0,0.0,1.0,Linear Regression,1.0
Turkey,Extreme temperature ,1,0.0,0.0,1.0,0.0,0.0,1.0,Linear Regression,1.0
Turkey,Flood,1,0.499,0.502,-0.023,0.519,0.544,-0.2,Linear Regression,1.56
Turkey,Landslide,3,0.333,0.334,0.0,0.333,0.333,0.0,Linear Regression,1.42
Turkey,Storm,1,0.388,0.388,0.0,0.333,0.333,0.0,KNN Regression,1.33
Turkey,Wildfire,1,0.0,0.0,0.0,0.0,0.0,0.0,Linear Regression,1.0
Turks and Caicos Islands (the),Storm,1,0.0,0.0,0.0,0.0,0.0,0.0,Linear Regression,1.0
Tuvalu,Storm,1,0.0,0.0,1.0,0.0,0.0,1.0,Linear Regression,1.0
Uganda,Drought,1,0.0,0.0,1.0,0.0,0.0,1.0,Linear Regression,1.0
Uganda,Earthquake,1,0.0,0.0,0.0,0.0,0.0,0.0,Linear Regression,1.0
Uganda,Flood,2,0.695,1.137,-0.455,1.0,1.374,-1.125,Linear Regression,2.21
Uganda,Landslide,1,0.0,0.0,1.0,0.0,0.0,1.0,Linear Regression,1.0
Ukraine,Extreme temperature ,1,0.0,0.0,1.0,0.0,0.0,1.0,Linear Regression,1.0
Ukraine,Flood,1,0.0,0.0,1.0,0.0,0.0,1.0,Linear Regression,1.0
Ukraine,Storm,2,0.354,0.354,0.0,0.333,0.333,0.0,KNN Regression,1.33
United Kingdom of Great Britain and Northern Ireland (the),Extreme temperature ,1,0.104,0.105,0.0,0.0,0.0,1.0,KNN Regression,1.0
United Kingdom of Great Britain and Northern Ireland (the),Flood,1,0.633,0.634,0.0,0.333,0.333,0.0,KNN Regression,1.33
United Kingdom of Great Britain and Northern Ireland (the),Storm,1,0.532,0.535,0.0,0.0,0.0,1.0,KNN Regression,1.0
United States of America (the),Drought,1,0.0,0.0,1.0,0.0,0.0,1.0,Linear Regression,1.0
United States of America (the),Earthquake,1,0.007,0.009,0.0,0.0,0.0,1.0,KNN Regression,1.0
United States of America (the),Extreme temperature ,1,0.106,0.106,0.0,0.0,0.0,1.0,KNN Regression,1.0
United States of America (the),Flood,1,0.689,0.779,0.067,0.725,0.812,-0.015,Linear Regression,1.96
United States of America (the),Landslide,1,0.0,0.0,0.0,0.0,0.0,0.0,Linear Regression,1.0
United States of America (the),Storm,1,0.66,0.703,-0.587,0.586,0.809,-1.103,KNN Regression,3.0
United States of America (the),Wildfire,1,0.604,0.693,-0.092,0.6,0.715,-0.162,KNN Regression,1.33
Uruguay,Flood,1,0.297,0.297,0.0,0.333,0.333,0.0,Linear Regression,1.38
Uruguay,Storm,1,0.0,0.0,1.0,0.0,0.0,1.0,Linear Regression,1.0
Vanuatu,Earthquake,1,0.0,0.0,0.0,0.0,0.0,0.0,Linear Regression,1.0
Vanuatu,Storm,1,0.0,0.0,1.0,0.0,0.0,1.0,Linear Regression,1.0
Vanuatu,Volcanic activity,1,0.0,0.0,1.0,0.0,0.0,1.0,Linear Regression,1.0
Venezuela (Bolivarian Republic of),Earthquake,1,0.0,0.0,0.0,0.0,0.0,0.0,Linear Regression,1.0
Venezuela (Bolivarian Republic of),Flood,1,0.424,0.431,-0.515,0.381,0.398,-0.296,KNN Regression,1.33
Venezuela (Bolivarian Republic of),Landslide,1,0.0,0.0,0.0,0.0,0.0,0.0,Linear Regression,1.0
Venezuela (Bolivarian Republic of),Storm,1,0.0,0.0,0.0,0.0,0.0,0.0,Linear Regression,1.0
Viet Nam,Drought,1,0.0,0.0,1.0,0.0,0.0,1.0,Linear Regression,1.0
Viet Nam,Flood,1,0.708,0.854,-1.943,0.485,0.512,-0.059,KNN Regression,1.67
Viet Nam,Landslide,1,0.0,0.0,0.0,0.0,0.0,0.0,Linear Regression,1.0
Viet Nam,Storm,1,0.579,0.625,-0.008,0.619,0.667,-0.146,Linear Regression,1.73
Virgin Island (U.S.),Storm,1,0.0,0.0,0.0,0.0,0.0,0.0,Linear Regression,1.0
Yemen,Flood,1,0.457,0.46,0.048,0.667,0.816,-2.0,Linear Regression,1.66
Yugoslavia,Earthquake,1,0.0,0.0,1.0,0.0,0.0,1.0,Linear Regression,1.0
Yugoslavia,Flood,1,0.0,0.0,0.0,0.0,0.0,0.0,Linear Regression,1.0
Zambia,Drought,1,0.0,0.0,1.0,0.0,0.0,1.0,Linear Regression,1.0
Zambia,Flood,1,0.2,0.447,-0.25,0.2,0.447,-0.25,Linear Regression,1.0
Zimbabwe,Drought,1,0.0,0.0,1.0,0.0,0.0,1.0,Linear Regression,1.0
Zimbabwe,Flood,1,0.333,0.577,-0.5,0.333,0.577,-0.5,Linear Regression,1.0
Zimbabwe,Storm,1,0.0,0.0,1.0,0.0,0.0,1.0,Linear Regression,1.0
